{
  "Acetone": {
    "sigma": [
      0.0633
    ],
    "n": [
      1.16
    ]
  },
  "Ammonia": {
    "sigma": [
      0.1028,
      -0.09453
    ],
    "n": [
      1.211,
      5.585
    ]
  },
  "Argon": {
    "sigma": [
      0.037
    ],
    "n": [
      1.25
    ]
  },
  "Benzene": {
    "sigma": [
      0.07298,
      -0.0007802,
      -0.0001756
    ],
    "n": [
      1.232,
      0.8635,
      0.3065
    ]
  },
  "Butane": {
    "sigma": [
      0.05138
    ],
    "n": [
      1.209
    ]
  },
  "Butene": {
    "sigma": [
      0.05644
    ],
    "n": [
      1.248
    ]
  },
  "Dodecane": {
    "sigma": [
      0.0154,
      0.048
    ],
    "n": [
      4.18,
      1.17
    ]
  },
  "Decafluorobutane": {
    "sigma": [
      0.04429
    ],
    "n": [
      1.242
    ]
  },
  "Carbon dioxide": {
    "sigma": [
      0.07863
    ],
    "n": [
      1.254
    ]
  },
  "Carbon monoxide": {
    "sigma": [
      0.02843
    ],
    "n": [
      1.148
    ]
  },
  "Carbonyl Sulfide": {
    "sigma": [
      0.07246
    ],
    "n": [
      1.407
    ]
  },
  "Cyclohexane": {
    "sigma": [
      0.06485
    ],
    "n": [
      1.263
    ]
  },
  "Decane": {
    "sigma": [
      0.05473
    ],
    "n": [
      1.29
    ]
  },
  "Deuterium": {
    "sigma": [
      0.009376
    ],
    "n": [
      1.258
    ]
  },
  "D2O (Heavy water)": {
    "sigma": [
      -0.1423,
      0.2094
    ],
    "n": [
      2.645,
      1.214
    ]
  },
  "Dimethyl ether": {
    "sigma": [
      0.063157
    ],
    "n": [
      1.2595
    ]
  },
  "Ethane": {
    "sigma": [
      0.07602,
      -0.02912
    ],
    "n": [
      1.32,
      1.676
    ]
  },
  "Ethanol": {
    "sigma": [
      0.05
    ],
    "n": [
      0.952
    ]
  },
  "Ethylene": {
    "sigma": [
      0.0477
    ],
    "n": [
      1.17
    ]
  },
  "Fluorine": {
    "sigma": [
      0.03978
    ],
    "n": [
      1.218
    ]
  },
  "Helium": {
    "sigma": [
      0.0004656,
      0.001889,
      -0.002006
    ],
    "n": [
      1.04,
      2.468,
      2.661
    ]
  },
  "Heptane": {
    "sigma": [
      0.07765,
      -0.02599
    ],
    "n": [
      1.319,
      1.6
    ]
  },
  "Hexane": {
    "sigma": [
      0.210952,
      -0.158485
    ],
    "n": [
      1.0962,
      1.05893
    ]
  },
  "Hydrogen": {
    "sigma": [
      -1.4165,
      0.746383,
      0.675625
    ],
    "n": [
      0.63882,
      0.659804,
      0.619149
    ]
  },
  "Hydrogen sulfide": {
    "sigma": [
      0.078557
    ],
    "n": [
      1.2074
    ]
  },
  "Isobutane": {
    "sigma": [
      -0.01639,
      0.06121
    ],
    "n": [
      2.102,
      1.304
    ]
  },
  "Isobutene": {
    "sigma": [
      0.0545
    ],
    "n": [
      1.23
    ]
  },
  "Isohexane": {
    "sigma": [
      0.05024
    ],
    "n": [
      1.194
    ]
  },
  "Isopentane": {
    "sigma": [
      0.051
    ],
    "n": [
      1.209
    ]
  },
  "Krypton": {
    "sigma": [
      0.0447
    ],
    "n": [
      1.245
    ]
  },
  "Methane": {
    "sigma": [
      0.03825,
      -0.006024,
      -0.0007065
    ],
    "n": [
      1.191,
      5.422,
      0.6161
    ]
  },
  "Methanol": {
    "sigma": [
      0.22421,
      -0.21408,
      0.083233
    ],
    "n": [
      1.3355,
      1.677,
      4.4402
    ]
  },
  "Neon": {
    "sigma": [
      0.012254,
      0.02728,
      -0.025715
    ],
    "n": [
      1.4136,
      1.4517,
      1.6567
    ]
  },
  "Nitrogen": {
    "sigma": [
      0.02898
    ],
    "n": [
      1.246
    ]
  },
  "Nitrous oxide": {
    "sigma": [
      0.07087
    ],
    "n": [
      1.204
    ]
  },
  "Nonane": {
    "sigma": [
      0.05388
    ],
    "n": [
      1.262
    ]
  },
  "Octane": {
    "sigma": [
      0.34338,
      -0.50634,
      0.2238
    ],
    "n": [
      1.6607,
      1.9632,
      2.3547
    ]
  },
  "Oxygen": {
    "sigma": [
      0.03843
    ],
    "n": [
      1.225
    ]
  },
  "Parahydrogen": {
    "sigma": [
      0.005314
    ],
    "n": [
      1.06
    ]
  },
  "Pentane": {
    "sigma": [
      0.08015,
      0.004384,
      -0.03437
    ],
    "n": [
      1.408,
      1.031,
      1.818
    ]
  },
  "Perfluoropentane": {
    "sigma": [
      0.04394
    ],
    "n": [
      1.254
    ]
  },
  "Propane": {
    "sigma": [
      0.05334,
      -0.01748
    ],
    "n": [
      1.235,
      4.404
    ]
  },
  "Propylene": {
    "sigma": [
      0.05268
    ],
    "n": [
      1.186
    ]
  },
  "Propyne": {
    "sigma": [
      0.05801
    ],
    "n": [
      1.205
    ]
  },
  "R11": {
    "sigma": [
      0.06212
    ],
    "n": [
      1.247
    ]
  },
  "R12": {
    "sigma": [
      -0.000124,
      0.05662
    ],
    "n": [
      0.4318,
      1.263
    ]
  },
  "R13": {
    "sigma": [
      0.05045
    ],
    "n": [
      1.269
    ]
  },
  "R14": {
    "sigma": [
      0.0423
    ],
    "n": [
      1.24
    ]
  },
  "R21": {
    "sigma": [
      0.06924
    ],
    "n": [
      1.259
    ]
  },
  "R22": {
    "sigma": [
      3.0587,
      -2.99856
    ],
    "n": [
      1.41809,
      1.42291
    ]
  },
  "R23": {
    "sigma": [
      -0.32359,
      0.37702
    ],
    "n": [
      1.6055,
      1.5232
    ]
  },
  "R32": {
    "sigma": [
      0.07147
    ],
    "n": [
      1.246
    ]
  },
  "R41": {
    "sigma": [
      0.05049
    ],
    "n": [
      1.242
    ]
  },
  "R113": {
    "sigma": [
      0.0556
    ],
    "n": [
      1.24
    ]
  },
  "R114": {
    "sigma": [
      0.05239
    ],
    "n": [
      1.258
    ]
  },
  "R115": {
    "sigma": [
      0.04771
    ],
    "n": [
      1.246
    ]
  },
  "R116": {
    "sigma": [
      0.047593,
      -0.0073402
    ],
    "n": [
      1.2666,
      1.9892
    ]
  },
  "R123": {
    "sigma": [
      0.056151
    ],
    "n": [
      1.2367
    ]
  },
  "R124": {
    "sigma": [
      0.05175
    ],
    "n": [
      1.197
    ]
  },
  "R125": {
    "sigma": [
      0.05252
    ],
    "n": [
      1.237
    ]
  },
  "R134a": {
    "sigma": [
      0.05801
    ],
    "n": [
      1.241
    ]
  },
  "R141b": {
    "sigma": [
      7.3958e-05,
      0.059941
    ],
    "n": [
      0.066331,
      1.2214
    ]
  },
  "R142b": {
    "sigma": [
      0.05685
    ],
    "n": [
      1.237
    ]
  },
  "R143a": {
    "sigma": [
      0.05416
    ],
    "n": [
      1.255
    ]
  },
  "R152a": {
    "sigma": [
      0.05808
    ],
    "n": [
      1.2115
    ]
  },
  "R161": {
    "sigma": [
      0.05385
    ],
    "n": [
      1.111
    ]
  },
  "R218": {
    "sigma": [
      0.04322
    ],
    "n": [
      1.224
    ]
  },
  "R227ea": {
    "sigma": [
      0.06127,
      -0.009516,
      -0.00192
    ],
    "n": [
      1.192,
      0.9795,
      1.421
    ]
  },
  "R236ea": {
    "sigma": [
      0.306974,
      -0.247277
    ],
    "n": [
      1.12614,
      1.09899
    ]
  },
  "R236fa": {
    "sigma": [
      0.05389
    ],
    "n": [
      1.249
    ]
  },
  "R245ca": {
    "sigma": [
      0.069297,
      -0.022419
    ],
    "n": [
      1.2795,
      3.1368
    ]
  },
  "R245fa": {
    "sigma": [
      0.073586,
      0.0103,
      "_x0002_0.02663"
    ],
    "n": [
      1.0983,
      0.60033,
      0.72765
    ]
  },
  "R365mfc": {
    "sigma": [
      0.0534
    ],
    "n": [
      1.21
    ]
  },
  "R1234yf": {
    "sigma": [
      0.06274
    ],
    "n": [
      1.394
    ]
  },
  "RC318": {
    "sigma": [
      0.0507
    ],
    "n": [
      1.25
    ]
  },
  "Sulfur dioxide": {
    "sigma": [
      0.0803,
      0.0139,
      -0.0114
    ],
    "n": [
      0.928,
      1.57,
      0.364
    ]
  },
  "Sulfur hexafluoride": {
    "sigma": [
      0.0538,
      -4.064e-05
    ],
    "n": [
      1.271,
      0.2116
    ]
  },
  "Toluene": {
    "sigma": [
      0.06897
    ],
    "n": [
      1.291
    ]
  },
  "Trifluoroiodomethane": {
    "sigma": [
      0.05767
    ],
    "n": [
      1.298
    ]
  },
  "Water": {
    "sigma": [
      -0.1306,
      0.2151
    ],